entity_type,source_sha256,replacement
ADDRESS,0e1da3547ed931ba587562a66437b18614fcb8f37f3c1a2680112698bfbebe35,"H.No. 06, Raval Ganj, Bellary-814803"
ADDRESS,75ec9f3544815ddc68b8bb90f7dcb8d9a7541f95bac4692e318f83476133e41f,"H.No. 32, Chakraborty Ganj, Mango 088235"
ADDRESS,c640b34aeace2d55ca3d1223cd11c57ff0464da8425739187a7061e5fd99dd27,"970, Boase Chowk, Nellore-053726"
ADDRESS,c2374de2c936e0274a0e925d408abc10af0beef59ccb92c6a473142e7752c678,"63, Dhar Path, Howrah-044564"
ADDRESS,73e5d865cfc99db72149f6ae5a3bdbf6f58938af46a25ba9d9a5b4ffb50b5e5b,"546, Mani Nagar, Malegaon 329839"
ADDRESS,9814eba0cf4b9e0a1a2c1b337f889290d4e70a9adc5270cf2bc496c53deac510,"84, Vasa Chowk, Ambarnath 740170"
ADDRESS,c17612f5c152e12fcc96c40b9cd1f8d26b19e740ac790a85d816c31ebf03491e,"391, Subramaniam Circle, Hyderabad-112038"
ADDRESS,35e61fe69beb9fc73a10b3c46ea6c789afc1357289e52ad373323721c771927d,"33/99, Pant Nagar, Nagercoil-828462"
ADDRESS,3d660a7abdeeed0b796447ca971c0cedf72c854d604d51d5c67e4a6b44201e67,"H.No. 970, Doshi, Proddatur 072504"
ADDRESS,204a29b1449837dd0d6cda263e1d8cc99953ab8dd5a96e62fc02a7d13dc5be32,"37/888, Sachdev Path, Ghaziabad-020337"
ADDRESS,7e2f97edfde4181cc15425ffb4f5c8d5dac91f2bc93f9f4c3f490bc32d38ad34,"H.No. 832, Panchal Nagar, Bally 990234"
ADDRESS,05153bde9f6771bf2f00646618c98ef8c2bd53a0eec6e8c1191f462a3beb727d,"H.No. 59, Ghose Circle, Pali-054678"
ADDRESS,7d801890edbf2b0e11e17a28683afb6efe9b7413f3544be39f7fc148a8068222,"H.No. 278, Randhawa Ganj, Dehradun 976986"
ADDRESS,ced4309782e714a38d6e4e17641986532f399590cd9cd5aeb6a7e9a34fed1b48,"09/523, Chada Marg, Bongaigaon-740141"
ADDRESS,01853564d1eefd5cacfb6693bca37889b1d5451b4761bb85c4ef15b2cd3347ea,"40/78, Goda Zila, Pali-384921"
ADDRESS,7061669aa2b72c930a0b7015eb86f4b299b1173292f5ce0a8981a3526db111b5,"942, Balay Street, Muzaffarpur 408856"
ADDRESS,2e55c60fe2c55412e9cc81d3119954e5d9890c02f2b7bea5cb8d2757866222f2,"93/711, Handa, Nagaon-006728"
ADDRESS,f2075688d9b633463e9c49558d04a4e484c33a49bea0bb1b439d447c05119034,"277, Kamdar Marg, Jalandhar 199291"
ADDRESS,df45154c0b6879202e69b18dfed6a79e525bf76d55438303b6f2c338697f2a48,"94/354, Pau Street, Bhilai-735814"
ADDRESS,89e027879b95cef582a91acc84f6fbf0b5afd5797649e0af4419e4f8ebdda9f2,"22, Mandal Circle, Agartala-332939"
ADDRESS,fe4b067626cb424f945b79ca2d82b035a8e3e164094141981c77af35b93b740a,"52/09, Goyal Marg, Loni-708683"
ADDRESS,37be3cef47e5647cf758489e16799e468b6da7c4b889dbcb787a45cd7b503914,"80/021, Datta Circle, Faridabad-693298"
ADDRESS,115ec6794a3db9b7313e58b0f767c7f283e041a6aa0bd30870d66a8b7da82414,"906, Palan Circle, Madurai-755490"
ADDRESS,8edd7117729b94fb90a0ff747fc91073340e06bf520843a670aa250b8fc64211,"04/45, Bhakta Path, Saharanpur-738631"
ADDRESS,8e509c0b1c1c5a39807a62def0ed3948ddaf6c13649bf86be1d1e0f189800f95,"107, Bhargava Nagar, Kozhikode-853163"
ADDRESS,a1820c07fe8511481f13c45468e283f71f8c36953f4a710db195b96f7cb29dc0,"14/25, Merchant Nagar, Kharagpur-656250"
ADDRESS,6cb43c424cd80e49fb4fa426580967226369a3083514c51e9a2e0e2e196aad40,"07/870, Balasubramanian Ganj, Udupi 581456"
ADDRESS,0d1ba46ff6c0b199eba98ea0e8c8ef264d2ee1488c361760497af1064f5963e5,"H.No. 368, Devan Zila, Sambalpur 478178"
ADDRESS,86eb1a77d9f2d7bf8cd54d09f0fc416bd4cb30f6bcf6f546db11d56cd3e779b4,"H.No. 05, Dube Ganj, Warangal 220178"
ADDRESS,64f6dfc0ee165dd0eff7fb8399881832a492ba092eab3b9c12aced76c90a86ad,"761, Das Circle, Karimnagar-367061"
ADDRESS,14dec55b59c75087a3da67dcef476969a837655ee72655969cb38e31402ab9e6,"52/97, Master Nagar, Tezpur 152278"
ADDRESS,3caaf1bc2e4b809e490b543f36a6a05f216b25e6f6d902997abd07d9191f24f9,"160, Mall Nagar, Bathinda 119796"
ADDRESS,742cfa7398050a00b2c7b29d0add5a02b5f5961ce0ef983c71d75b0f1d230bd1,"46/520, Setty Ganj, Mahbubnagar 336838"
ADDRESS,e84ef16ec4cff967941ce09445377cb28fc6dcb0c8019505b793fb0ef919d8c1,"59, Mandal Street, Nagpur 975026"
ADDRESS,f7d3343ed2f7f830f1a32d302f800afb60ef4d4c2d6912f1e694f9448b689dd6,"84/83, Ratta Nagar, Gandhinagar-214619"
ADDRESS,39c5a7ce0b3fa7350dbebcf0adffe7bfe48e52294705d5fac940318928c88538,"H.No. 01, Sastry Nagar, Sagar-645030"
ADDRESS,e9a2a4a10285cae96176f5f5fb60598bd34d47f93f0a008b9af74ee1a768bd73,"438, Sastry Circle, Kozhikode 788799"
ADDRESS,8e62976ad4ad9999c2ff71c9222d14f0c8e05b0440dd41cc2a404d4f7054d5c1,"57/52, Mangat Ganj, Nagpur-458218"
ADDRESS,ab3564844b9d864d1bf3f899596925013849f9cb940549353d507b66df7f41df,"92/035, Shankar Nagar, Thiruvananthapuram 071892"
ADDRESS,929b6bac7d4392e8032a669be655a6a1e1907b50bba190494cc6ebf98e009d19,"49/183, Walia Marg, Kakinada-532845"
ADDRESS,c49513cba75c6bc04d856e7b06adbaaa18b7aff37736feb1a56e2799999c8dc9,"H.No. 83, Dass Nagar, Danapur 473540"
ADDRESS,ae50b0dcf5b77e5d4870ed3037479f41db92abf5f84c447325101cc137c9427c,"40/651, Bava Ganj, Raebareli-052085"
ADDRESS,eb39ea1cb53ad8d245390d04039453223f5e8ab2ae7abfcb0c9726b03568c1ee,"H.No. 397, Khalsa Zila, Gandhidham-560126"
ADDRESS,073471a317f16fca2fa509bab83c59bffe7a769f05f104fd704dd4125cba0e9a,"89, Mital Chowk, Moradabad 866240"
ADDRESS,9cfe64a3a7781155abf316149db66d1aaaee462b881fdec8c36e326b7394c3c3,"H.No. 88, Parsa Ganj, Dhanbad-184181"
ADDRESS,176ddb35367ee3bcdd4bb0933bf164f49f7827451d62881dd59b6b0bd919cf3c,"901, Seshadri, Kollam-967400"
ADDRESS,0e875f13e81b06beb924b77fd4ad19e6762d470b75d241b43c6da8fda781f5d7,"H.No. 108, Sampath Street, Hubli–Dharwad-053827"
ADDRESS,f0f2986d9043cfbbd364062a32fa8fce53c8427005ccc02818cd20e31ab681a1,"56/086, Choudhury Marg, Chandrapur 105491"
ADDRESS,9d5463ec24d92c40ef4dd6cf15c4049ec6dd8c5d51d4e466500c567624219385,"H.No. 84, Morar Ganj, Ludhiana 203227"
ADDRESS,a47d52e22db57deb5eeb8c392a10fd3bd48188bae7bf66e9aa5d350fc67b8f0f,"H.No. 46, Borde Zila, Malegaon-981479"
ADDRESS,808b0cd724d355c62109c350b4befe6369e478771e7b2ee217a16a9b9e325249,"95/321, Kari Street, Katni 443030"
ADDRESS,93c760b52398baa68e3d8a78f955282c51a27f5d7bdc2fac90eae730edd4f554,"26/18, Walla Marg, Dehri 264955"
ADDRESS,c1d2893bf13a843a8f3dd58d9a403604669e863d01910c926e9ca4fd5c6ef09b,"67/82, Krish Nagar, Baranagar 565895"
ADDRESS,c91be3a3c698c986a82b50050b9619462b4be966721c966e1d9c5f5ab13534d6,"777, Karpe Path, Vijayawada-453703"
ADDRESS,6606d0483a7b3414ada2f06c044b24ed9684dac477de46b25d9d9b97da26bc28,"694, Vyas Chowk, Hazaribagh-572995"
ADDRESS,51a2bfe89e80717c76f92bfa5e0a17d0ca128ff954f68dcb25de124713eea8e9,"31, Magar, Navi Mumbai 931745"
ADDRESS,d6c693f69019d7e664c321884d918a27534bce9ef9e8d2777275a50f4c3757fc,"80, Kanda, Ludhiana 472472"
ADDRESS,3d3d78a7349dcadfd42358e762de5d3ca0a0404644e508724d77d9e8f282efb9,"25/758, Sharma Nagar, Shahjahanpur-882477"
ADDRESS,41e7d8825e8d3ef3c66574c84261b054520e7f84dc5fde247f2103ef225d5c2c,"H.No. 515, Thakur Zila, Mirzapur 464167"
DIN,4f5922417108422a59ba2a9e28b94a7c34f62568e5eff19b51623edcd1a5f25c,32352046
DIN,b07f17e1656925ca70dd19bff81f3d4b1d7c43eb6323aee6105bb4ac8a6b2f01,00270985
DIN,74af24a4ca3e1d76ce49b89aa1010868a6ee3f75f4a934001688bcf791a2dc39,16651568
DIN,2bca7166a0f28e10c29de4288e773e180d33175e125528b47e8becc9c237091c,29522697
DIN,eb4d64779acabf0b81a5dfb3fd2404108dd3c21625d7d39dc6a1f593344bf766,97292565
DIN,690f4ddcb3e43a71c621142601ce0a90589d163f2378e56ee5c5accae71581f7,26377283
DIN,10e53b7931ae08c81eb3e13558e2c86d319122c662f7d03246e3b2878cbb7798,69259788
DIN,d2e746d32523b63e22fa99d04e72ae33b2e40ba722fea811ec75fd69fad7d6e5,65970297
EMAIL,a19ddeecc709561310379dcfdf531902fd025d0100a5d75c244eeb04b0f66b31,vasana.patel@example.com
EMAIL,3304889d28e86581b5458e2fbd882e205a98f5daed6c0e73ec733ed3a16bb776,kkumar@example.com
EMAIL,4b30759907346d022867f23f9d3e9e46f76b9537db83f9adfcddc5bd1734d239,ethan.khurana@example.com
EMAIL,59d115acd6b869e83d47ffac9ac7e89e50d53d37bc1c5bc9cf083316ae81203a,meghana.bhavsar@example.com
EMAIL,0b215450231a5a5931dfe1d0e202fa41ca6d4494a6f175d204870cbb8e793be1,dubeyudant@example.com
EMAIL,a1b18de93f943150b6968aa27ac9e92488e12d2b7afbab5194fdf8c5ceb10dad,yug.singhal@example.com
EMAIL,996c6c5d54646d74e0ebf787ec668b1ee1cb141fb278613e084ea8c1e6b54dca,xavier.jain@example.com
EMAIL,4d046a9af9cdee9493d94d7d24f3f6da3e0318a536f8ba4f3fec874cd59385b6,wardasant@example.com
EMAIL,f93dee56571086412452a9becdf2adb45cb4ee2132efb9e141b46304f86481ff,samuel.chandran@example.com
EMAIL,16a1ec370dd82cb35e415d26e23a736c33ad0752a9687d86c1be64318958e8fa,kdara@example.com
EMAIL,5c45187a2a288a1eb40f7ccd0de5c4c1976aa121978647918d5f8992ce96ccac,ysahota@example.com
EMAIL,54808e67ea03f3a4afc7d61dadf41fbd5d0cc1acb73a18c1467762486aa5cb34,qarin.suresh@example.com
EMAIL,16ada0cfb0d996b2cdf5cd0ba6ce4610cd0b14f3e6ff38a2ab4a360c1c17d83e,rushil43@example.com
EMAIL,8e5c7836916f3cd3c008e3a99eed86fc41b50d871e339de18b20e404cb2316cf,lalawahab@example.com
EMAIL,7ce24de99d9ffdb52b23492ee0635ed2d19b3dbdb4f1f634a84e101d432f177b,darpan.dalal@example.com
EMAIL,a2742dc8452b3def5810dccce5a2f8a27ac82599967eafac9887e6ab4dfa5247,david.dube@example.com
EMAIL,3e721555ff05d398f95585964da6ac23a8955ede5eae67d320816044e7a124a3,aayush.chokshi@example.com
EMAIL,d0fe88de18578b688ae1b157d0df80de163f1e73ffd4cca5f20f9d617f3995ae,chaaya.nagi@example.com
EMAIL,839975e7a605119024611844d4213d61c09014660e1abd6c761a7cef3bd07c47,bhavani.patel@example.com
EMAIL,7ff91f855c0ebff64b9f1c29af6430c617e7ed99e663d1d51bbcc2b3f41da712,faris44@example.com
EMAIL,93ffb31c263dbb527aa63be940223a80d682dae386a3a1d81b66f4eed8ab80b4,arjun.subramaniam@example.com
EMAIL,ff94ade1270122c6e89127143478ac004cf1d8c02357a8b5f3602f3a9075c1f1,amol.deep@example.com
EMAIL,f37ac4ee07506d5d33fdd02427372f58f9d0c42329e846937f77f8c33291e828,harita.ramakrishnan@example.com
EMAIL,1c18ffe42a108d2836df21c76a0b9d15f0e3461e902990cd70490550f5ddbf73,abeer.bora@example.com
EMAIL,c2b5f600b1c8817fe18ea61e055905f6e8e086fa1990371415ca7636ad605d2f,divya.deo@example.com
EMAIL,d6ab25f1247104c67f8495bff34b0235f05379d5f7d1c678841693ed43ebf0e9,bishakha.gill@example.com
EMAIL,3783c27b295732301d79edeb74474d66cef1582afa956780d3716b0b38587ba5,mitesh.maharaj@example.com
ORG,ff93f54f59742ca53301f650c624cbc17e8d1bb0a916bdba1ef175c02d829192,Konda and Sons Private Limited
ORG,60ecef7b5bc34e01124846502f8832633a9901fddcacb89cd470e62cd6f2c692,"Lal, Shukla and Yadav"
ORG,9932bbd2963c4e9c713163504f2c09a4f3abf4419166f7c0a85aa97549b2a9bb,Agrawal-Badami
ORG,f487c48964b3d423c41de991afbdbc6eeb72009cfb0143149f907164305046f1,"Barman, Mukhopadhyay and Saini FAMILY TRUST"
ORG,a8db61944be5f580dfecd8a7b17dbcc9a7645e00752a48597cecbf73a0ce0ff2,Manda Limited
ORG,9aed8394e3323073edc5dcb92470a08c001e35f42728d75a8f82f09d4c4156bc,Solanki-Deep Private Limited
ORG,3c8087858da4d6d5b3e88977bb7524118ca8700bba78306ea0b1eb6981a8cf8e,"Magar, Kohli and Rajagopalan Limited"
ORG,138908b63ccc91e8ff34cdeac1198040d73f8c15ef0ab436bc988d39418eaba8,Khosla-Konda FAMILY TRUST
ORG,82942a547805b145f2ecd25d5e24245611d0e2c7a8db953dd1fca4d3d7471a4f,"Tripathi, Patel and Nayak Corporation"
ORG,7a3f6ed0416d93aaef08838468b2d239022811231cafda23a93e60d1d33b83f4,Prakash and Sons Limited
ORG,7abe09cfa90b16f191c3f5afbd9240dd4fb81ab16d896cb6150cf2ec55e9a6e9,Raman-Kaul FAMILY TRUST
ORG,42002c138ae19dc2fdb5cce3b5e97fdde2b8e55a779c2e1d9bbcbfdd9239bddd,"Behl, Badal and Shere"
ORG,1f3be93ec507ed2295c3b2038c278dfd12d2eae47f0f042493da623c7472d89b,Choudhury-Buch Limited
ORG,5b3e4b9115874e9cd5e764ac8090ff6859f1b960ed26ad07bb350e2827d188b6,Bora Private Limited
ORG,ff26ba11002dc644efb0c5171d4e289bc290d7aff4f6fce2cc0c2b5f1e3a46a4,Chowdhury Limited
ORG,db64ebd5cdeee77e29d4db67f465a2e6c36b370f854df5c8864ec031b456e5f8,Chawla-Kota FAMILY TRUST
ORG,ff0c41cd0f0aaa8c10c2bc7e8b0fc6a331d3392469b16898153a51478aaa9c30,Mistry Corporation
ORG,bbeede0e88eb55933d6466c10e6ce7b5995821f80ab9bc473881c71313f6ee64,"Amble, Tella and Mannan Limited"
ORG,aaaf690785020262f121f2696b47d15b59acbb6c5463cf62e04071409dfe1932,Rao PLC Limited
ORG,2250689318f7ae5fed2d046b796912f131d1e24cfdd6e95a10715bfc6910ca19,"Sandal, Buch and Dara Limited"
ORG,6d43837bd2b729b9e3d5e8af843dd2e11faa4ce8f33741cb8ef50d60ea5b5df0,Prashad-Devan Limited
ORG,5af445ca30e0905bafbc963f9cc6d2b7af090885613fdeb56c27ad27dfefcc2c,Kota Limited
ORG,409e831123942ff8b1af482f5289e62f9c0b99367a316b15ed8cf3a991061d44,Salvi-Karan Limited
ORG,c8f39df65924181e4c4b32dae49fd0200464f42ac70cf01b82c10e5611b94b2e,Dyal LLC Limited
ORG,1e04c762808ddd2eb9ae525740e063821520ef195445b15390369b07cd43c966,Kunda Group Limited
ORG,8940afa1c1861559ff0e359ee9c2498c7c2c04b6d82dac68a927d59df7ac85b3,"Narasimhan, Talwar and Sandhu Private Limited"
ORG,a8f3079329f34d066617c2cac6692d6cac2b3a010554a24e92f2844ea7960cc4,"Bir, Nagi and Walia"
ORG,1d2f9069ec75834705a4c1e9506cac05fc09d08dd8718cac10ea417aac1dbae6,Krishna LLC FAMILY TRUST
ORG,b128d37e56bca1b9b85d080b6154c25286d7109bedc0319f4e1625f17fca58e7,Apte PLC LLP
ORG,cb206ecee74430a52f3a3d0799a7209bb5da58674eeeb814aa3d0f5b0f134ee1,Nayar Group HUF
ORG,602dc6ce4b884671c79e134e342f087235b69b8574a4415176c9b479f904e1d6,"Acharya, Zacharia and Badami LLP"
ORG,68b611d568f5c186d6c39a9ea744aeb6186fd87bf62b6ac6917b6c8d05a7298e,Rau-Murthy Private Limited
ORG,f90a843992d1b061f88a3790f30c19652c2de686c8ea1cbab2fbdffd702a831a,Rastogi
ORG,5783dba201c508e31517d6c2bb514a9d4805faf60af8364d538e14e8934a5256,Solanki-Gill
ORG,82b3e7f40088ef150fe9189b9b9657ee352b4e45fa9c4707a625bb2417b01f38,"Kothari, Bumb and Nazareth Private Limited"
ORG,ef6d81ff97217bcab2114b0324e3ba47c2ce8c47c92d2b1ee6d85d68b7fbf44d,Gaba Private Limited
ORG,1440b0c39f361feca12ba1d2652e3c31bdf2bddcdf498a637d33d0d23aadd087,"Barman, Kuruvilla and Misra Private Limited"
ORG,7de9da9d2087e2e36ff4567367585851d5d85fe38c44b0cf6cd9d8740b579198,"Roy, Mitter and Raju"
ORG,1c7b3d872c0d0ac237e45402fbfb2182e20fecaad00b4800551d1c17d045fc6f,Sarkar-Sur LIMITED
ORG,8c17a6a8f273f51ba87bb67c27f06ea99bff4fad97ef43bb16fc5b169ee2cb65,"Salvi, Ram and Boase Private Limited"
ORG,533b4a8177b00fd1704f9529143954b2759389cc1a7aba9740b0d475ef74f59d,"Anand, Dayal and Kala Private Limited"
ORG,b4d29238df75cd11c95428e1bb31654ac3174a6f64015505fe275dfd0a9532a8,Pai-Grover Private Limited
ORG,a7e6e7cefa83d84d346517d7c540f473bd11a11b91b8b5933534c1b81cf0ccb5,Buch Group FAMILY TRUST
ORG,291ffafce7aaa3e5a56f567bdb0c6f89e8239f1b71ba0549bf58baa3db1c082a,Brahmbhatt Limited
ORG,82572f1b2749386bd40a24f5ef86b8fde69ea98a441bc0ee61f466851c749e0e,"Varma, Yogi and Dhar Private Limited"
ORG,eb7bbe4a5a6c34cbb3dbed1a35a08cfba378096cb87148ecf59b08962919396f,Upadhyay-Nori Corporation
ORG,67f2c970c9bdc5110c20e88b35b94b57dd09d570e3900b3b2617a558342e84e4,Hari-Dar Private Limited
ORG,9eb813b6e32769775973857e4a2114a4722d97a08332063aabe36f3c39c90425,Chawla LLC Limited
ORG,3e48bb483b046eae9b4c3c11ebef83ed3788374cfc8cde233a24a36f2ff2b6b3,Goyal-Pal Limited
ORG,8d04d1a193d1db7ec519026df059908a6f6f212687e00e6a85834275442554b4,"Chaudhry, Sengupta and Master"
ORG,d0dacddf458def2a785ef10d0a455058f6baf97f73008f421ef76dd2e285885e,Tella PLC Limited
ORG,263ed8d5ce1ffbace9b66b9a5bfbb4b4e0eee759ad6715c742892fa372181dc8,"Dhar, Comar and Chawla"
ORG,b62eef24bb32d3561941b28b7e98778717a0be6b87ddc6e40fcd62b62761b1b1,"Shan, Seshadri and Misra"
ORG,9c7a16e80a7b87fc2849ae23f2ef7d34067f9fd9420f75d0f489a3fe1cfe4632,Mittal and Sons Private Limited
ORG,89d2ee064d2493de175b7e62642e0b45bbc1dd187c71e548b43fd8b751cf50d7,"Randhawa, Pandya and Kohli Corporation"
ORG,d2ea6e5005933d461b5d892574dcb3c39db0bf782fce6c2ff412e57ce1e8b319,Suresh PLC Limited
ORG,a77696f48ccc62cc89dfd9a1ca5bd5b2dd00dfce6ff1d4b57ab69e9aa2a5830a,Ratta LLC LLC
ORG,ac10e99f61607740d73b7183408d6396aa6844947262406974ff20ce197ea71c,Ratti-Prasad Limited
ORG,bdbc64bf957e2bb3e9a4270fe3f648242f6251890f0043c38a86777181f9ac2d,Dhawan-Sethi Corporation
ORG,8671795a3496b4037e068ad3b65a2d43d554fa1130662a0287ffafb9023d100d,Muni-Rajagopalan Private Limited
ORG,67034b56ab4cf425e2cd623dd9ea35a0c76921307a81339d631e7f6ff51c4858,Kulkarni-Brahmbhatt Private Limited
ORG,88922259eafd45e345e361da09d235e5b4052f760ca9030bdbe08d668535dcde,"Sinha, Chandra and Hayre Private Limited"
ORG,10b2c56b997bcd9f322bcfb3be68a8b8c4d383e1b86e62f7a2a85802451625c9,"Chandra, Agarwal and Pall Private Limited"
ORG,96b20a9a749b90c368cc4608bf236fb9d1c9d5d3990bffc238df324110575f09,Mittal-Kaul
ORG,2eeefeacc159e7f8a7531694149821d6eebcf55f89c7f15c712dbeb0c5a31da4,Merchant-Nanda Private Limited
ORG,9958c6802a32478ea39a8f1e87d2c04ef27a0aeed6cd3dd6559c1d4c04ca4d45,Bail Group Private Limited
ORG,bdd657bcbc26d0c0c455e4c9de10ad9f02f3249e6694a459812d5e590851c6ab,"Amble, Palla and Bose Private Limited"
ORG,bbd60a16b24d818cc1a4b6c4acb4630e3cc20c36d413ffa56e6706218a571a60,Chander Private Limited
ORG,ef4790e9e20130f78a5cae5a547a28a3e7177d04b1d8ea5a76e5e81f2bbb6d5d,Arya and Sons PRIVATE LIMITED
ORG,a671648ff881188d3dbbe8c9c1f66f13f6576b1abb3faa19047f21fc1c0eb77a,Yohannan-Bassi Private Limited
ORG,78b99f5cd8507f5dc14baee6af73713b7fe9e5a01e08323a09b4a65d7b86df09,Bains Private Limited
PERSON,d3abd0e6afc20b21bac6cd2213d15b0e7ae9b9989106aa72aa110607fdc4b341,Logan Grover
PERSON,af1dbe23d6077042e551127623c8ba9a5535968fc1ae68596945c6116d52b1c9,Aryan Dhar
PERSON,bdc9114747322b8b6a0f5600ce44f5062d620e0dde934a8db45c45cc737ce2a2,Chaaya Raksha Johal
PERSON,2d6e1df40521fd7f30bda85d04ca0ce98c4e93da0095f69233598451712a848e,Girindra Magar
PERSON,5037c134605a0d96b04875d07d91f551977b3dc32a910c71424effb247433f31,Liam Rudra Jani
PERSON,36b7c96cd00b5c7b5ef3d86415f05a714f68f34c30703ee6bbe941125ada1233,Maanas Inaya Lall
PERSON,3972ac895290a4ec0c7aacc010bfda4118ae923f41471a50ece984af51297a82,Reva Sama
PERSON,b35745a59b7b088addcaf4ecf553affce40879f6ba7327f753d51ab10167b3dc,Umang Bhatt
PERSON,e7f80752568c4061f176da2ee234857ec944021a0b129d16d053f7602af2f304,Naksh Nigam
PERSON,a5cfc4e57f00952a90b12a4a87eff343b7832b5c836f4302c9d1e4506a1bc028,Warinder Warjas Jha
PERSON,41a97c9f6edcb6ecc4250857ad1e3164b954d9c08bb207760f35c06ef1dd027a,Manan Reva Arora
PERSON,412bd6a05dd022c7386261877ce3d990b01cd7123fd9c67487d2733bf998a9d3,Ryan Kohli
PERSON,290ff53b7deb9eb0f1049faf56143076a741fceab8caf1651c77b49c06a4020e,Gabriel Andrew Roy
PERSON,46dccd275ecccdc5cfa8520c019b78778796a362ae09a198ecc03248416ce227,Anay Vasa
PERSON,98248fc84316b109367e23438c92e395807dba17ef953ab4c18093063e321472,Arunima Rai
PERSON,eab81523e14d5947e9591ba6152242907d93315c3165ad3a4c462e2541a2461e,Urishilla Oommen
PERSON,7e3655903faa51060a2dc73299a7e1175baa0b222e53bca63c48c48dfb36010a,Balvan Chaudhry
PERSON,c7b0818b7fe07ae2969d23f98489408086271283b2eb2c3b59b3d55ebb8a3154,Luke Neelima Pandey
PERSON,695af5b4ae650e61d27897c18bedf54d1d2c9689549f171687444bc92581aff5,Ayush Vincent Brahmbhatt
PERSON,d1443ffab0cb503cb8e967a2dcef86e7b89f55bd67c04f9592964e8ee4e29aa6,Amara Barad
PERSON,e6a2470c62325c05156569111a8985ebc3b36bc13acde22da78904a0f27acebf,Naksh Megha Lata
PERSON,8b01e3acf9cfd647b808b1206ada38ad36ee412b232ef7622865898b35c8738f,Ubika Krishna Baral
PERSON,744c015655286ef6dad38107e769c7b80152adefa1e8423cdf9ac454f27f2ea5,Atharv Virk
PERSON,9457bd699129000a016d6ae9b051fe014dda51c8c8d652a136143c9fed123d01,Riya Thakkar
PERSON,c9040ca70830fc2f402a56a77c828cca5b282f3d64fa725433ad873a6e322ff9,Nirja Lata
PERSON,614847853677da314ee78ab5c7d2686a329c580c179204765789b116d5f6759e,Fariq Reddy
PERSON,da7898f20fd0435480890788d12a430178a831bb210469277ff87b545d5cf236,Jhalak Aashi Parsa
PERSON,6daac4557ec6a122bbde8359d8cba01b208ea306f32751bd9ad301164fa1d2be,Gautam Ganesh
PERSON,afb373737d980e621a7b00060c765328acf253376e951555d96c924e89b34f1e,Baghyawati Abha Dutta
PERSON,e334031dd0716bb5690de25760c02a5ee151763829e87a8d4f18efc16fb5149b,Yashica Lohit Sridhar
PERSON,a1824591437f36bd0ab3450786c86e8bdaae7bde12c6d61ecaf276ec6f3bd7b2,Zansi Onkar Saran
PERSON,cd8a2fcc7a84a1a91774de518f4daa46f456e0dd55e4655756976191f0eb7bde,Yasti Bhanumati Grover
PERSON,6c90347eda7ddf04a74b1b018ef128704cd8c9d1395d59190c87e1bd138e1269,Aryan Kade
PERSON,173aa65bae7d8af8166579daf1e461343263de96153910efcf666dbe16758858,Nathaniel Girindra Malhotra
PERSON,7367452ad5b47cd2953e9b0d967b16ff9e0637c4f196ae8729cd8060f450a7a9,Gopal Imaran Gera
PERSON,c882352e0952d77707c02b0cb70bb2304210393a9571039c4cfd472eb7086269,Chakradhar Nath
PERSON,ce70bb64f2509cb35eee28e237e4e87e6340c451ec3aa9fb7a2cc3681b0110d5,Kavya Faris Goel
PERSON,aa6d8e97067ce2ab87814677d263384c9777b28c51acd64aa63bdb3435956526,Qasim Sridhar
PERSON,98c5bee415fff01192d83be217921fe493a9c2a0e74f25d150a927f4559bef0d,Dhruv Wriddhish Rau
PERSON,03b871a264dcbc6a31185d56c3bf9e5c564d853e0f3c3ced83f660edfd38fc48,Imaran Vohra
PERSON,387eac142dd7d0f0a664919dc57fa924c469c5ec547878975399aae291cb21ea,Guneet Kant
PERSON,8be097292130e9e4bed32443d96cddd67c72a2a7e6159d1ccb4e1de618eca2f1,Balvan Rao
PERSON,df05ae979f771cc5a138bbed777aeeb97e11fbf688c1e2d30197c15003a7bd49,Indali Bhardwaj
PERSON,d42a0e24e008e11976629703067ce77698fd71e4d57bea7fa195489a035acf5a,Aradhana Barkha Narayan
PERSON,b4f022f064ea2bb9f32061e020c88287a4b218a370496c54add294d7d61757eb,Harrison Dhingra
PERSON,0e9c0571dbc29c1df0c620403b50f731ec98d038f815e081583ffe6bb096d7bf,Tejas Banik
PERSON,b518a1280b3ae231e54010940bbb6da754f0e8adbf2b4e33218d1e50a4a0a0a7,Janya Bansal
PERSON,46163333fc646fdc0c78c8baaa4e7fedb58840b45cd5c9e0282b1c457ef15d06,Chandresh Kapoor
PHONE,9d031bfc4c03e2d2cb78207a600476f1052ab2f63e5c8bb85b71239d8fbb29c4,+91 05249 93206
PHONE,9cf62ffa4bb6cae21c7609c3c39397c163081531746d9d25450c32d359b79ef2,+91 34428 95901
PHONE,78bc7b2f99495087f50fae98684ad5e19470ea1c2a57579d9caf6b5dc83cfe20,+91 86883 79612
PHONE,ff65dc4cd8334168a0400bf5ba48a0ce91f1693a90c21330e7e4993ff2eff1be,+91 39572 58718
PHONE,45139b63656798f9f5e3b8375abbe31651be7fbe8d698ceb4bbf7c09cd16ab62,+91 62389 89757
PHONE,cca0090b2aa4b20d6534d53fad9ed84f6fce75a8d7d01b85b412fb7620dd075b,+91 53477 22029
PHONE,7829b08dda9f133e90313b1f3b99c38948de393864f762618dcc3cc423e6396f,+91 37164 33820
PHONE,0e1db3b63ee4ab12a824e4817935035803b2cf3a08221bbdab35ceba3ec46430,+91 88735 47393
PHONE,be88a5f1749f2e2f1c4a66f112b450a66a400c929c404c5f8ea79387aef51e0c,+91 19531 45929
PHONE,a01c57a969862b343b049eb5eebd802a9dc8695d809cec5c503edb45af7b370d,+91 67286 12213
PHONE,b41ed5dd0dd450ab6a2ec49910f3e788d709979f18dad7d27339f878e6219f77,+91 85739 11727
PHONE,c85d2e62954d27c578b7f4a7403eb29b4e5fe4463207ccbd92da3047a4b43985,+91 55928 29500
PHONE,997b39dcab2a0331c6dfb5986b96164676df875de316b8bef9c5e7dccfd2ac3f,+91 60747 67848
PHONE,92674bf7df5da8c7062a12de50782091def5124af2fb1ed3f12064b92c40324f,3204722679
PHONE,e8933cd8b4d79ed152391585f48b478673159b3e09a3828beda4c4b785d884fa,+91 98907 80169
PHONE,3caf3997c8b7ba579ce8baecb1db3dd0374163f5a74f76c3e145c98e67611107,+91 92703 08251
PHONE,50a91b024454f696dfb03765121c26a402c850e659c71a5c3238fd5ad849b4b3,+91 51358 91285
PHONE,09fefeb160d7b3e3b1b4e3753c09fa5cc8da10a017d6d7cf2e05f7d5f7ea97c1,+91 38285 18213
WEBSITE,9b66399468a5d96e07a77b75e23bdb5f2fff4ec6826d15bb56c1b89b8c805312,http://www.subramanian-loke.example.com
WEBSITE,6b6370ac0ca5209bb4ce61169582a5a79b8c3d674648449cd0d5888f0069e093,http://www.kumar.example.com
WEBSITE,406983b2ee05efa50bcfe251626e80f9363ef464999e8bf7486a9b8c7583b681,http://www.purohit-shenoy.example.com
WEBSITE,66b1f37a01a215d8f229051e6ba8c8f352fa284e962081d79d59affa252a3ad0,http://www.mitra-sehgal.example.com
WEBSITE,fb94b6f3cd6aec44f6d453d62640d4e7339462b37a8c683e76674ba383fdab83,http://www.kari-majumdar.example.com
WEBSITE,86e3626ee09dfe88b8e4ea3066fcfb71e21fa227e2cb0f2f2560a8f68f30dc75,http://www.sarkar.example.com
WEBSITE,89a21f1493846d6ebc1f3baa3c4d061160fa2c803f37064116bfcfd0348f605f,http://www.gulati.example.com
WEBSITE,8b6a474a81c3c8bbe828e93c0c65ff1d5827a0a876648346180634405bb7ccd2,http://www.pandit.example.com
WEBSITE,f5ef11ebfacf76666149e5ec5159328fc8e88aaf0177dab45f8b0db16dec914c,http://www.dalal-chada.example.com
WEBSITE,52f7c32de57db6dbf24e12b528221182d5c43ab9f041c5a61f4b0eb28675725e,http://www.sodhi.example.com
WEBSITE,9e3259a42d1d84bf403ae30c447bbbdc5823175f62d05415223dab3903e859a8,http://www.kalla.example.com
WEBSITE,948c842d31b23c32fc3f42671a3616e219424e1f98819edcbe996af1250d21d4,http://www.balay.example.com
WEBSITE,ba95aa8bfa9fefbf4e957a248fae4d23965e724e2bfc9a58ef1e3033eeb5773b,http://www.bumb.example.com
WEBSITE,f17ca4b712e5d0ce9ba7721dc6f8391ae25615e0ca66563a216b4dccc94ff49d,https://www.date-doshi.example.com
WEBSITE,609c81f02c632841a1b4412670e0e08b8fe42d7a59ac00d97f4d07392a628eac,https://www.rattan.example.com
WEBSITE,a4503b497165b2b4e6e1049df8c03fac977ef1c877c5425d3632a2659df8616a,www.pandey.example.com
WEBSITE,b5a32f4a62fa89d1e0501ced895e2a84b7f838e7728b8db4f670ce4c4b47b96c,www.sen.example.com
WEBSITE,a4dc0700f10ab3344718438322f931b424490b94cb2622b708339867e6121264,www.cheema.example.com
WEBSITE,d510a405af09b8016ba1602b94be535f874af37e9809257aae198f44219008eb,www.zachariah.example.com
WEBSITE,616e38b271c847e22705b3f4f798a307754b9a8cf8d1b91ef9f4f89845311a21,www.goda.example.com
WEBSITE,3f8fb6c1a40522009a010f210c44e06acd1a18b9b685ef7595df36362be0c2b9,www.dey-wali.example.com
WEBSITE,7552d5c7f1fd1f4ff12157658172f12e18744c014c51e27600ea8a5e88190751,www.nori-chowdhury.example.com
WEBSITE,849d91f1b4ea0a73815b4da534b5ffc0ffc0001bdd6ae7096ed6f9f4a89f2f4a,www.hayer.example.com
WEBSITE,2d1fa12a71a083d9bed754c06c9f96a2fe59dcd876f9a7e2b0305d2466949b3f,www.tak-mohanty.example.com
WEBSITE,fb7d98c4addcdc50b7dda4ed2e74f6977a88b74670a8a73a2ebec768bf7b8ca6,www.ratti-walla.example.com
WEBSITE,847f54f70d81c333b6b3a6f4c043a7f01be7f248350efbae34b3cb46739fc1a5,www.chawla-sani.example.com
WEBSITE,f7035d3a7e42d40997ee193fa6c16aeb92830afaac3d9848435b2a0ff088da24,www.krishna.example.com
